"","flag","clutch","location","year","species"
"1","71",1,"East Side 08:16","2018","herg"
"2","4",2,NA,"2018","herg"
"3","8",3,NA,"2018","herg"
"4","74",2,NA,"2018","herg"
"5","B43",2,NA,"2018","herg"
"6","B23",2,NA,"2018","herg"
"7","66",3,NA,"2018","herg"
"8","299",3,NA,"2018","herg"
"9","293",3,NA,"2018","herg"
"10","137",3,NA,"2018","herg"
"11","6",1,NA,"2018","herg"
"12","33",3,NA,"2018","herg"
"13","263",3,NA,"2018","herg"
"14","138",3,NA,"2018","herg"
"15","352",3,NA,"2018","herg"
"16","34",3,NA,"2018","herg"
"17","454",3,NA,"2018","herg"
"18","264",3,NA,"2018","herg"
"19","145",3,NA,"2018","herg"
"20","134",3,NA,"2018","herg"
"21","300",3,NA,"2018","herg"
"22","238",2,NA,"2018","herg"
"23","397",3,NA,"2018","herg"
"24","298",3,NA,"2018","herg"
"25","243",3,NA,"2018","herg"
"26","111",1,NA,"2018","herg"
"27","394",3,NA,"2018","herg"
"28","51",3,NA,"2018","herg"
"29","194",2,NA,"2018","herg"
"30","247",2,NA,"2018","herg"
"31","390",3,NA,"2018","herg"
"32","468",3,NA,"2018","herg"
"33","395",3,NA,"2018","herg"
"34","144",2,NA,"2018","herg"
"35","231",3,NA,"2018","herg"
"36","480",3,NA,"2018","herg"
"37","84",3,NA,"2018","herg"
"38","461",3,NA,"2018","herg"
"39","118",3,NA,"2018","herg"
"40","459",3,NA,"2018","herg"
"41","349",3,NA,"2018","herg"
"42","266",3,NA,"2018","herg"
"43","337",3,NA,"2018","herg"
"44","128",2,NA,"2018","herg"
"45","457",2,NA,"2018","herg"
"46","44",3,NA,"2018","herg"
"47","491",3,NA,"2018","herg"
"48","351",3,NA,"2018","herg"
"49","55",2,NA,"2018","herg"
"50","398",3,NA,"2018","herg"
"51","479",3,NA,"2018","herg"
"52","483",1,NA,"2018","herg"
"53","392",3,NA,"2018","herg"
"54","401",2,NA,"2018","herg"
"55","381",3,NA,"2018","herg"
"56","126",3,NA,"2018","herg"
"57","335",3,NA,"2018","herg"
"58","490",2,NA,"2018","herg"
"59","123",3,NA,"2018","herg"
"60","478",3,NA,"2018","herg"
"61","328",3,NA,"2018","herg"
"62","452",2,NA,"2018","herg"
"63","130",3,NA,"2018","herg"
"64","383",2,NA,"2018","herg"
"65","482",3,NA,"2018","herg"
"66","380",3,NA,"2018","herg"
"67","384",3,NA,"2018","herg"
"68","329",3,NA,"2018","herg"
"69","476",3,NA,"2018","herg"
"70","56",1,NA,"2018","herg"
"71","481",1,NA,"2018","herg"
"72","379",3,NA,"2018","herg"
"73","120",3,NA,"2018","herg"
"74","474",3,NA,"2018","herg"
"75","475",1,NA,"2018","herg"
"76","129",3,NA,"2018","herg"
"77","230",3,NA,"2018","herg"
"78","473",2,NA,"2018","herg"
"79","121",3,NA,"2018","herg"
"80","472",3,NA,"2018","herg"
"81","48",3,NA,"2018","herg"
"82","332",2,NA,"2018","herg"
"83","464",3,NA,"2018","herg"
"84","117",3,NA,"2018","herg"
"85","116",3,NA,"2018","herg"
"86","465",3,NA,"2018","herg"
"87","456",3,NA,"2018","herg"
"88","353",2,NA,"2018","herg"
"89","275",2,NA,"2018","herg"
"90","455",3,NA,"2018","herg"
"91","460",3,NA,"2018","herg"
"92","320",3,NA,"2018","herg"
"93","316",3,NA,"2018","herg"
"94","325",3,NA,"2018","herg"
"95","3",3,NA,"2018","herg"
"96","333",3,NA,"2018","herg"
"97","319",3,NA,"2018","herg"
"98","12",3,NA,"2018","herg"
"99","322",2,NA,"2018","herg"
"100","378",3,NA,"2018","herg"
"101","98",1,NA,"2018","herg"
"102","292",3,NA,"2018","herg"
"103","377",2,NA,"2018","herg"
"104","383",3,NA,"2018","herg"
"105","58",3,NA,"2018","herg"
"106","20",3,NA,"2018","herg"
"107","450",3,NA,"2018","herg"
"108","207",3,NA,"2018","herg"
"109","115",3,NA,"2018","herg"
"110","458",2,NA,"2018","herg"
"111","119",2,NA,"2018","herg"
"112","451",3,NA,"2018","herg"
"113","219",1,NA,"2018","herg"
"114","114",3,NA,"2018","herg"
"115","122",3,NA,"2018","herg"
"116","259",1,NA,"2018","herg"
"117","294",3,NA,"2018","herg"
"118","141",3,NA,"2018","herg"
"119","402",3,NA,"2018","herg"
"120","280",3,NA,"2018","herg"
"121","139",3,NA,"2018","herg"
"122","463",3,NA,"2018","herg"
"123","286",3,NA,"2018","herg"
"124","13",3,NA,"2018","herg"
"125","158",3,NA,"2018","herg"
"126","203",1,NA,"2018","herg"
"127","B52",1,NA,"2018","herg"
"128","34",3,NA,"2018","herg"
"129","470",1,NA,"2018","herg"
"130","86",5,NA,"2018","coei"
"131","429",1,NA,"2018","herg"
"132","372",3,NA,"2018","herg"
"133","32",1,NA,"2018","herg"
"134","276",2,NA,"2018","herg"
"135","382",2,NA,"2018","herg"
"136","142",2,NA,"2018","herg"
"137","370",1,NA,"2018","herg"
"138","27",2,NA,"2018","herg"
"139","396",3,NA,"2018","herg"
"140","375",3,NA,"2018","herg"
"141","250",3,NA,"2018","herg"
"142","11",1,NA,"2018","herg"
"143","326",2,NA,"2018","herg"
"144","24",2,NA,"2018","herg"
"145","306",3,NA,"2018","herg"
"146","393",3,NA,"2018","herg"
"147","318",3,NA,"2018","herg"
"148","312",2,NA,"2018","herg"
"149","391",3,NA,"2018","herg"
"150","B53",3,NA,"2018","herg"
"151","466",3,NA,"2018","herg"
"152","385",3,NA,"2018","herg"
"153","90",2,NA,"2018","herg"
"154","484",1,NA,"2018","herg"
"155","471",1,NA,"2018","herg"
"156","453",3,NA,"2018","herg"
"157","169",1,NA,"2018","herg"
"158","462",2,NA,"2018","herg"
"159","400",2,NA,"2018","herg"
"160","B18",3,NA,"2018","herg"
"161","350",3,NA,"2018","herg"
"162","B55",1,NA,"2018","herg"
"163","327",3,NA,"2018","herg"
"164","440",1,NA,"2018","herg"
"165","314",3,NA,"2018","herg"
"166","B57",3,NA,"2018","herg"
"167","146",1,NA,"2018","herg"
"168","331",1,NA,"2018","herg"
"169","469",1,NA,"2018","herg"
"170","157",1,NA,"2018","herg"
"171","242",3,NA,"2018","herg"
"172","52",3,NA,"2018","herg"
"173","143",3,NA,"2018","herg"
"174","399",2,NA,"2018","herg"
"175","197",3,NA,"2018","herg"
"176","33",1,NA,"2018","herg"
"177","308",3,NA,"2018","herg"
"178","205",3,NA,"2018","herg"
"179","406",3,NA,"2018","herg"
"180","200",4,NA,"2018","herg"
"181","21",2,NA,"2018","herg"
"182","404",2,NA,"2018","herg"
"183","163",3,NA,"2018","herg"
"184","303",3,NA,"2018","herg"
"185","193",3,NA,"2018","herg"
"186","492",3,NA,"2018","herg"
"187","409",1,NA,"2018","herg"
"188","307",3,NA,"2018","herg"
"189","199",2,NA,"2018","herg"
"190","447",2,NA,"2018","herg"
"191","301",3,NA,"2018","herg"
"192","365",3,NA,"2018","herg"
"193","198",3,NA,"2018","herg"
"194","19",2,NA,"2018","herg"
"195","77",1,NA,"2018","herg"
"196","85",3,NA,"2018","herg"
"197","97",3,NA,"2018","herg"
"198","73",1,NA,"2018","herg"
"199","82",1,NA,"2018","herg"
"200","65",3,NA,"2018","herg"
"201","477",3,NA,"2018","herg"
"202","31",2,NA,"2018","herg"
"203","150",2,NA,"2018","herg"
"204","151",3,NA,"2018","herg"
"205","99",2,NA,"2018","herg"
"206","317",3,NA,"2018","herg"
"207","430",3,NA,"2018","herg"
"208","386",2,NA,"2018","herg"
"209","95",1,NA,"2018","herg"
"210","188",1,NA,"2018","herg"
"211","87",3,NA,"2018","herg"
"212","89",3,NA,"2018","herg"
"213","419",2,NA,"2018","herg"
"214","209",3,NA,"2018","herg"
"215","28",2,NA,"2018","herg"
"216","441",3,NA,"2018","herg"
"217","309",3,NA,"2018","herg"
"218","217",3,NA,"2018","herg"
"219","83",2,NA,"2018","herg"
"220","336",3,NA,"2018","herg"
"221","B54",3,NA,"2018","herg"
"222","67",3,NA,"2018","herg"
"223","25",3,NA,"2018","herg"
"224","109",3,NA,"2018","herg"
"225","18",3,NA,"2018","herg"
"226","425",1,NA,"2018","herg"
"227","23",3,NA,"2018","herg"
"228","270",2,NA,"2018","herg"
"229","278",3,NA,"2018","herg"
"230","442",3,NA,"2018","herg"
"231","449",3,NA,"2018","herg"
"232","147",3,NA,"2018","herg"
"233","22",3,NA,"2018","herg"
"234","315",3,NA,"2018","herg"
"235","39",2,NA,"2018","herg"
"236","423",2,NA,"2018","herg"
"237","310",3,NA,"2018","herg"
"238","255",1,NA,"2018","herg"
"239","191",3,NA,"2018","herg"
"240","7",1,NA,"2018","herg"
"241","190",2,NA,"2018","herg"
"242","361",2,NA,"2018","herg"
"243","152",1,NA,"2018","herg"
"244","43",1,NA,"2018","herg"
"245","177",3,NA,"2018","herg"
"246","40",1,NA,"2018","herg"
"247","285",1,NA,"2018","herg"
"248","156",1,NA,"2018","herg"
"249","364",3,NA,"2018","herg"
"250","42",1,NA,"2018","herg"
"251","271",3,NA,"2018","herg"
"252","140",3,NA,"2018","herg"
"253","317",1,NA,"2018","herg"
"254","426",3,NA,"2018","herg"
"255","345",1,NA,"2018","herg"
"256","5",3,NA,"2018","herg"
"257","112",3,NA,"2018","herg"
"258","132",2,NA,"2018","herg"
"259","100",3,NA,"2018","herg"
"260","78",3,NA,"2018","herg"
"261","446",1,NA,"2018","herg"
"262","46",2,NA,"2018","herg"
"263","445",3,NA,"2018","herg"
"264","29",3,NA,"2018","herg"
"265","236",3,NA,"2018","herg"
"266","313",1,NA,"2018","herg"
"267","232",2,NA,"2018","herg"
"268","51",3,NA,"2018","herg"
"269","487",3,NA,"2018","herg"
"270","60",1,NA,"2018","herg"
"271","101",1,NA,"2018","herg"
"272","324",2,NA,"2018","herg"
"273","211",2,NA,"2018","herg"
"274","9",2,NA,"2018","herg"
"275","485",3,NA,"2018","herg"
"276","374",2,NA,"2018","herg"
"277","488",3,NA,"2018","herg"
"278","127",1,NA,"2018","herg"
"279","104",3,NA,"2018","herg"
"280","288",3,NA,"2018","herg"
"281","54",2,NA,"2018","herg"
"282","499",3,NA,"2018","herg"
"283","160",3,NA,"2018","herg"
"284","489",3,NA,"2018","herg"
"285","159",1,NA,"2018","herg"
"286","154",3,NA,"2018","herg"
"287","50",3,NA,"2018","herg"
"288","204",2,NA,"2018","herg"
"289","91",3,NA,"2018","herg"
"290","155",3,NA,"2018","herg"
"291","387",3,NA,"2018","herg"
"292","213",3,NA,"2018","herg"
"293","486",3,NA,"2018","herg"
"294","341",3,NA,"2018","herg"
"295","405",4,NA,"2018","herg"
"296","45",2,NA,"2018","herg"
"297","41",3,NA,"2018","herg"
"298","37",3,NA,"2018","herg"
"299","407",3,NA,"2018","herg"
"300","62",1,NA,"2018","herg"
"301","411",3,NA,"2018","herg"
"302","403",3,NA,"2018","herg"
"303","422",3,NA,"2018","herg"
"304","153",3,NA,"2018","herg"
"305","416",3,NA,"2018","herg"
"306","16",3,NA,"2018","herg"
"307","148",3,NA,"2018","herg"
"308","49",3,NA,"2018","herg"
"309","2",2,NA,"2018","coei"
"310","222",3,NA,"2018","herg"
"311","176",1,NA,"2018","herg"
"312","47",1,NA,"2018","herg"
"313","241",3,NA,"2018","herg"
"314","149",3,NA,"2018","herg"
"315","64",2,NA,"2018","herg"
"316","53",2,NA,"2018","herg"
"317","164",2,NA,"2018","herg"
"318","153",3,NA,"2018","herg"
"319","408",3,NA,"2018","herg"
"320","420",3,NA,"2018","herg"
"321","14",2,NA,"2018","herg"
"322","135",4,NA,"2018","herg"
"323","92",3,NA,"2018","herg"
"324","304",1,NA,"2018","herg"
"325","443",3,NA,"2018","herg"
"326","192",1,NA,"2018","herg"
"327","362",3,NA,"2018","herg"
"328","136",1,NA,"2018","herg"
"329","323",3,NA,"2018","herg"
"330","63",2,NA,"2018","herg"
"331","93",2,NA,"2018","herg"
"332","305",3,NA,"2018","herg"
"333","269",3,NA,"2018","herg"
"334","59",3,NA,"2018","herg"
"335","57",3,NA,"2018","herg"
"336","125",3,NA,"2018","herg"
"337","212",3,NA,"2018","herg"
"338","410",3,NA,"2018","herg"
"339","233",3,NA,"2018","herg"
"340","124",3,NA,"2018","herg"
"341","248",3,NA,"2018","herg"
"342","131",3,NA,"2018","herg"
"343","414",3,NA,"2018","herg"
"344","368",4,NA,"2018","herg"
"345","216",3,NA,"2018","herg"
"346","297",3,NA,"2018","herg"
"347","424",3,NA,"2018","herg"
"348","109",3,NA,"2018","herg"
"349","210",3,NA,"2018","herg"
"350","412",3,NA,"2018","herg"
"351","218",3,NA,"2018","herg"
"352","262",1,NA,"2018","herg"
"353","133",3,NA,"2018","herg"
"354","421",1,NA,"2018","herg"
"355","444",1,NA,"2018","herg"
"356","260",4,NA,"2018","herg"
"357","268",1,NA,"2018","herg"
"358","105",3,NA,"2018","herg"
"359","228",3,NA,"2018","herg"
"360","103",2,"BEGIN WEST 11:06","2018","herg"
"361","1",2,NA,"2018","herg"
"362","38",2,NA,"2018","herg"
"363","506",2,NA,"2018","herg"
"364","36",0,NA,"2018","herg"
"365","252",2,NA,"2018","herg"
"366","258",1,NA,"2018","herg"
"367","17",2,NA,"2018","herg"
"368","26",0,NA,"2018","herg"
"369","339",3,NA,"2018","herg"
"370","229",1,NA,"2018","herg"
"371","343",3,NA,"2018","herg"
"372","282",2,NA,"2018","herg"
"373","102",3,NA,"2018","herg"
"374","502",5,NA,"2018","herg"
"375","338",2,NA,"2018","herg"
"376","214",1,NA,"2018","herg"
"377","512",3,NA,"2018","herg"
"378","107",4,NA,"2018","herg"
"379","571",3,NA,"2018","herg"
"380","615",2,NA,"2018","herg"
"381","254",2,NA,"2018","herg"
"382","582",3,NA,"2018","herg"
"383","691",2,NA,"2018","herg"
"384","640",3,NA,"2018","herg"
"385","165",3,NA,"2018","herg"
"386","584",3,NA,"2018","herg"
"387","240",3,NA,"2018","herg"
"388","220",2,NA,"2018","herg"
"389","315",3,NA,"2018","herg"
"390","673",5,NA,"2018","coei"
"391","166",4,NA,"2018","herg"
"392","356",3,NA,"2018","herg"
"393","181",3,NA,"2018","herg"
"394","667",3,NA,"2018","herg"
"395","366",3,NA,"2018","herg"
"396","171",3,NA,"2018","herg"
"397","227",1,NA,"2018","herg"
"398","495",2,NA,"2018","herg"
"399","493",3,NA,"2018","herg"
"400","384",3,NA,"2018","herg"
"401","235",1,NA,"2018","herg"
"402","580",2,NA,"2018","herg"
"403","567",3,NA,"2018","herg"
"404","566",2,NA,"2018","herg"
"405","448",3,NA,"2018","herg"
"406","170",1,NA,"2018","herg"
"407","249",3,NA,"2018","herg"
"408","647",3,NA,"2018","herg"
"409","167",6,NA,"2018","herg"
"410","246",3,NA,"2018","herg"
"411","589",3,NA,"2018","herg"
"412","389",3,NA,"2018","herg"
"413","671",3,NA,"2018","herg"
"414","593",3,NA,"2018","herg"
"415","251",2,NA,"2018","herg"
"416","581",1,NA,"2018","herg"
"417","162",2,NA,"2018","herg"
"418","360",3,NA,"2018","herg"
"419","570",3,NA,"2018","herg"
"420","196",2,NA,"2018","herg"
"421","633",3,NA,"2018","herg"
"422","574",3,NA,"2018","herg"
"423","563",3,NA,"2018","herg"
"424","178",3,NA,"2018","herg"
"425","376",1,NA,"2018","herg"
"426","575",3,NA,"2018","herg"
"427","225",3,NA,"2018","herg"
"428","189",3,NA,"2018","herg"
"429","594",3,NA,"2018","herg"
"430","195",2,NA,"2018","herg"
"431","590",2,NA,"2018","herg"
"432","500",2,NA,"2018","herg"
"433","555",2,NA,"2018","herg"
"434","415",2,NA,"2018","herg"
"435","179",3,NA,"2018","herg"
"436","654",3,NA,"2018","herg"
"437","187",3,NA,"2018","herg"
"438","583",3,NA,"2018","herg"
"439","B16",1,NA,"2018","herg"
"440","183",2,NA,"2018","herg"
"441","631",3,NA,"2018","herg"
"442","587",3,NA,"2018","herg"
"443","428",3,NA,"2018","herg"
"444","168",2,NA,"2018","herg"
"445","638",3,NA,"2018","herg"
"446","564",3,NA,"2018","herg"
"447","639",3,NA,"2018","herg"
"448","161",1,NA,"2018","herg"
"449","601",3,NA,"2018","herg"
"450","388",3,NA,"2018","herg"
"451","290",2,NA,"2018","herg"
"452","629",2,NA,"2018","herg"
"453","616",1,NA,"2018","herg"
"454","184",3,NA,"2018","herg"
"455","226",1,NA,"2018","herg"
"456","413",1,NA,"2018","herg"
"457","427",1,NA,"2018","herg"
"458","224",2,NA,"2018","herg"
"459","418",2,NA,"2018","herg"
"460","223",3,NA,"2018","herg"
"461","221",3,NA,"2018","herg"
"462","68",3,NA,"2018","herg"
"463","596",3,NA,"2018","herg"
"464","69",0,NA,"2018","herg"
"465","605",1,NA,"2018","herg"
"466","602",3,NA,"2018","herg"
"467","628",3,NA,"2018","herg"
"468","604",5,NA,"2018","herg"
"469","302",3,NA,"2018","herg"
"470","613",2,NA,"2018","herg"
"471","B88",3,NA,"2018","herg"
"472","636",1,NA,"2018","herg"
"473","609",2,NA,"2018","herg"
"474","369",1,NA,"2018","herg"
"475","358",3,NA,"2018","herg"
"476","30",2,NA,"2018","herg"
"477","632",3,NA,"2018","herg"
"478","504",2,NA,"2018","herg"
"479","598",2,NA,"2018","herg"
"480","661",2,NA,"2018","herg"
"481","535",2,NA,"2018","herg"
"482","518",1,NA,"2018","herg"
"483","501",4,NA,"2018","herg"
"484","692",2,NA,"2018","herg"
"485","517",3,NA,"2018","herg"
"486","281",2,NA,"2018","herg"
"487","510",3,NA,"2018","herg"
"488","600",2,NA,"2018","herg"
"489","505",3,NA,"2018","herg"
"490","635",2,NA,"2018","herg"
"491","B47",3,NA,"2018","herg"
"492","509",1,NA,"2018","herg"
"493","622",3,NA,"2018","herg"
"494","524",2,NA,"2018","herg"
"495","185",3,NA,"2018","herg"
"496","651",2,NA,"2018","herg"
"497","515",2,NA,"2018","herg"
"498","617",3,NA,"2018","herg"
"499","542",1,NA,"2018","herg"
"500","511",1,NA,"2018","herg"
"501","612",2,NA,"2018","herg"
"502","534",3,NA,"2018","herg"
"503","261",NA,NA,"2018","coei"
"504","621",3,NA,"2018","herg"
"505","540",2,NA,"2018","herg"
"506","548",3,NA,"2018","herg"
"507","577",2,NA,"2018","herg"
"508","618",3,NA,"2018","herg"
"509","559",1,NA,"2018","herg"
"510","267",2,NA,"2018","herg"
"511","546",5,NA,"2018","coei"
"512","610",1,NA,"2018","herg"
"513","549",2,NA,"2018","herg"
"514","533",2,NA,"2018","herg"
"515","614",3,NA,"2018","herg"
"516","553",1,NA,"2018","herg"
"517","545",5,NA,"2018","coei"
"518","650",5,NA,"2018","coei"
"519","633",3,NA,"2018","herg"
"520","645",3,NA,"2018","herg"
"521","B44",2,NA,"2018","herg"
"522","637",3,NA,"2018","herg"
"523","507",3,NA,"2018","herg"
"524","595",3,NA,"2018","herg"
"525","665",1,NA,"2018","herg"
"526","572",1,NA,"2018","herg"
"527","174",3,NA,"2018","herg"
"528","539",1,NA,"2018","herg"
"529","606",2,NA,"2018","herg"
"530","113",3,NA,"2018","herg"
"531","516",3,NA,"2018","herg"
"532","544",3,NA,"2018","herg"
"533","648",3,NA,"2018","herg"
"534","547",2,NA,"2018","herg"
"535","512",3,NA,"2018","herg"
"536","571",3,NA,"2018","herg"
"537","538",2,NA,"2018","herg"
"538","608",3,NA,"2018","herg"
"539","591",2,NA,"2018","herg"
"540","597",3,NA,"2018","herg"
"541","521",3,NA,"2018","herg"
"542","565",3,NA,"2018","herg"
"543","173",2,NA,"2018","herg"
"544","529",3,NA,"2018","herg"
"545","182",1,NA,"2018","herg"
"546","172",3,NA,"2018","herg"
"547","284",2,NA,"2018","herg"
"548","537",3,NA,"2018","herg"
"549","561",3,NA,"2018","herg"
"550","519",3,NA,"2018","herg"
"551","588",3,NA,"2018","herg"
"552","688",1,NA,"2018","herg"
"553","473",3,NA,"2018","herg"
"554","348",3,NA,"2018","herg"
"555","683",2,NA,"2018","herg"
"556","340",1,NA,"2018","herg"
"557","679",2,NA,"2018","herg"
"558","373",2,NA,"2018","herg"
"559","550",3,NA,"2018","herg"
"560","684",3,NA,"2018","herg"
"561","523",3,NA,"2018","herg"
"562","367",3,NA,"2018","herg"
"563","646",1,NA,"2018","herg"
"564","599",3,NA,"2018","herg"
"565","342",3,NA,"2018","herg"
"566","568",1,NA,"2018","herg"
"567","663",2,NA,"2018","herg"
"568","371",3,NA,"2018","herg"
"569","697",3,NA,"2018","herg"
"570","675",2,NA,"2018","herg"
"571","543",2,NA,"2018","herg"
"572","513",1,NA,"2018","herg"
"573","623",2,NA,"2018","herg"
"574","656",5,NA,"2018","coei"
"575","10",0,NA,"2018","herg"
"576","B50",3,NA,"2018","herg"
"577","552",2,NA,"2018","herg"
"578","693",3,NA,"2018","herg"
"579","75",1,NA,"2018","herg"
"580","8",0,NA,"2018","herg"
"581","698",3,NA,"2018","herg"
"582","79",0,NA,"2018","herg"
"583","619",2,NA,"2018","herg"
"584","657",3,NA,"2018","herg"
"585","525",2,NA,"2018","herg"
"586","687",3,NA,"2018","herg"
"587","586",1,NA,"2018","herg"
"588","624",2,NA,"2018","herg"
"589","659",1,NA,"2018","herg"
"590","557",1,NA,"2018","herg"
"591","668",4,NA,"2018","herg"
"592","520",3,NA,"2018","herg"
"593","626",1,NA,"2018","herg"
"594","532",3,NA,"2018","herg"
"595","273",3,NA,"2018","herg"
"596","653",3,NA,"2018","herg"
"597","344",3,NA,"2018","herg"
"598","289",3,NA,"2018","herg"
"599","522",3,NA,"2018","herg"
"600","108",2,NA,"2018","herg"
"601","265",3,NA,"2018","herg"
"602","603",3,NA,"2018","herg"
"603","562",2,NA,"2018","herg"
"604","689",3,NA,"2018","herg"
"605","672",2,NA,"2018","coei"
"606","652",2,NA,"2018","herg"
"607","346",2,NA,"2018","herg"
"608","554",2,NA,"2018","herg"
"609","357",2,NA,"2018","herg"
"610","680",2,NA,"2018","herg"
"611","620",2,NA,"2018","herg"
"612","641",3,NA,"2018","herg"
"613","700",2,NA,"2018","herg"
"614","678",1,NA,"2018","herg"
"615","70",5,NA,"2018","herg"
"616","649",3,NA,"2018","herg"
"617","578",2,NA,"2018","herg"
"618","110",1,NA,"2018","herg"
"619","180",1,NA,"2018","herg"
"620","627",3,NA,"2018","herg"
"621","186",1,NA,"2018","herg"
"622","175",3,NA,"2018","herg"
"623","106",1,NA,"2018","herg"
"624","664",3,NA,"2018","herg"
"625","669",3,NA,"2018","herg"
"626","237",2,NA,"2018","herg"
"627","244",2,NA,"2018","herg"
"628","239",3,NA,"2018","herg"
"629","234",1,NA,"2018","herg"
"630","296",3,NA,"2018","herg"
"631",NA,3,NA,"2018","herg"
"632",NA,3,NA,"2018","herg"
"633",NA,3,NA,"2018","herg"
"634",NA,3,NA,"2018","herg"
"635",NA,2,NA,"2018","herg"
"636",NA,3,NA,"2018","herg"
"637",NA,2,NA,"2018","herg"
"638",NA,1,NA,"2018","herg"
"639",NA,3,NA,"2018","herg"
"640",NA,3,NA,"2018","herg"
"641",NA,2,NA,"2018","herg"
"642",NA,3,NA,"2018","herg"
"643",NA,2,NA,"2018","herg"
"644",NA,1,NA,"2018","herg"
"645",NA,3,NA,"2018","herg"
"646",NA,2,NA,"2018","herg"
"647",NA,3,NA,"2018","herg"
"648",NA,1,NA,"2018","herg"
"649",NA,2,NA,"2018","herg"
"650",NA,3,NA,"2018","herg"
"651",NA,1,NA,"2018","herg"
"652",NA,1,NA,"2018","herg"
"653",NA,2,NA,"2018","herg"
"654",NA,3,NA,"2018","herg"
"655",NA,1,NA,"2018","herg"
"656",NA,3,NA,"2018","herg"
"657",NA,3,NA,"2018","herg"
"658",NA,1,NA,"2018","herg"
"659",NA,3,NA,"2018","herg"
"660",NA,3,NA,"2018","herg"
"661",NA,3,NA,"2018","herg"
"662",NA,2,NA,"2018","herg"
"663",NA,1,NA,"2018","herg"
"664",NA,3,NA,"2018","herg"
"665",NA,3,NA,"2018","herg"
"666",NA,3,NA,"2018","herg"
"667",NA,3,NA,"2018","herg"
"668",NA,3,NA,"2018","herg"
"669",NA,1,NA,"2018","herg"
"670",NA,3,NA,"2018","herg"
"671",NA,1,NA,"2018","herg"
"672",NA,3,NA,"2018","herg"
"673",NA,2,NA,"2018","herg"
"674",NA,3,NA,"2018","herg"
"675",NA,3,NA,"2018","herg"
"676",NA,3,NA,"2018","herg"
"677",NA,3,NA,"2018","herg"
"678",NA,3,NA,"2018","herg"
"679",NA,3,NA,"2018","herg"
"680",NA,3,NA,"2018","herg"
"681",NA,3,NA,"2018","herg"
"682",NA,3,NA,"2018","herg"
"683",NA,2,NA,"2018","herg"
"684",NA,3,NA,"2018","herg"
"685",NA,1,NA,"2018","herg"
"686",NA,1,NA,"2018","herg"
"687",NA,3,NA,"2018","herg"
"688",NA,3,NA,"2018","herg"
"689",NA,2,NA,"2018","herg"
"690",NA,1,NA,"2018","herg"
"691",NA,1,NA,"2018","herg"
"692",NA,3,NA,"2018","herg"
"693",NA,3,NA,"2018","herg"
"694",NA,1,NA,"2018","herg"
"695",NA,3,NA,"2018","herg"
"696",NA,3,NA,"2018","herg"
"697",NA,3,NA,"2018","herg"
"698",NA,3,NA,"2018","herg"
"699",NA,2,NA,"2018","herg"
"700",NA,2,NA,"2018","herg"
"701",NA,3,NA,"2018","herg"
"702",NA,1,NA,"2018","herg"
"703",NA,1,NA,"2018","herg"
"704",NA,2,NA,"2018","herg"
"705",NA,3,NA,"2018","herg"
"706",NA,3,NA,"2018","herg"
"707",NA,3,NA,"2018","herg"
"708",NA,2,NA,"2018","herg"
"709",NA,2,NA,"2018","herg"
"710",NA,2,NA,"2018","herg"
"711",NA,3,NA,"2018","herg"
"712",NA,5,NA,"2018","herg"
"713",NA,2,NA,"2018","herg"
"714",NA,3,NA,"2018","herg"
"715",NA,3,NA,"2018","herg"
"716",NA,3,NA,"2018","herg"
"717",NA,3,NA,"2018","herg"
"718",NA,3,NA,"2018","herg"
"719",NA,3,NA,"2018","herg"
"720",NA,1,NA,"2018","herg"
"721",NA,1,NA,"2018","herg"
"722",NA,3,NA,"2018","herg"
"723",NA,3,NA,"2018","herg"
"724",NA,2,NA,"2018","herg"
"725",NA,2,NA,"2018","herg"
"726",NA,3,NA,"2018","herg"
"727",NA,2,NA,"2018","herg"
"728",NA,1,NA,"2018","herg"
"729",NA,3,NA,"2018","herg"
"730",NA,1,NA,"2018","herg"
"731",NA,2,NA,"2018","herg"
"732",NA,2,NA,"2018","herg"
"733",NA,3,NA,"2018","herg"
"734",NA,3,NA,"2018","herg"
"735",NA,3,NA,"2018","herg"
"736",NA,3,NA,"2018","herg"
"737",NA,3,NA,"2018","herg"
"738",NA,3,NA,"2018","herg"
"739",NA,3,NA,"2018","herg"
"740",NA,3,NA,"2018","herg"
"741",NA,2,NA,"2018","herg"
"742",NA,2,NA,"2018","herg"
"743",NA,3,NA,"2018","herg"
"744",NA,4,NA,"2018","herg"
"745",NA,3,NA,"2018","herg"
"746",NA,3,NA,"2018","herg"
"747",NA,3,NA,"2018","herg"
"748",NA,3,NA,"2018","herg"
"749",NA,3,NA,"2018","herg"
"750",NA,1,NA,"2018","herg"
"751",NA,1,NA,"2018","herg"
"752",NA,3,NA,"2018","herg"
"753",NA,3,NA,"2018","herg"
"754",NA,3,NA,"2018","herg"
"755",NA,1,NA,"2018","herg"
"756",NA,3,NA,"2018","herg"
"757",NA,3,NA,"2018","herg"
"758",NA,3,NA,"2018","herg"
"759",NA,2,NA,"2018","herg"
"760",NA,2,NA,"2018","herg"
"761",NA,1,NA,"2018","herg"
"762",NA,3,NA,"2018","herg"
"763",NA,3,NA,"2018","herg"
"764",NA,3,NA,"2018","herg"
"765",NA,3,NA,"2018","herg"
"766",NA,1,NA,"2018","herg"
"767",NA,3,NA,"2018","herg"
"768",NA,3,NA,"2018","herg"
"769",NA,3,NA,"2018","herg"
"770",NA,3,NA,"2018","herg"
"771",NA,2,NA,"2018","herg"
"772",NA,3,NA,"2018","herg"
"773",NA,1,NA,"2018","herg"
"774",NA,3,NA,"2018","herg"
"775",NA,3,NA,"2018","herg"
"776",NA,3,NA,"2018","herg"
"777",NA,1,NA,"2018","herg"
"778",NA,3,NA,"2018","herg"
"779",NA,3,NA,"2018","herg"
"780",NA,3,NA,"2018","herg"
"781",NA,3,NA,"2018","herg"
"782",NA,3,NA,"2018","herg"
"783",NA,3,NA,"2018","herg"
"784",NA,3,NA,"2018","herg"
"785",NA,2,NA,"2018","herg"
"786",NA,3,NA,"2018","herg"
"787",NA,3,NA,"2018","herg"
"788",NA,2,NA,"2018","herg"
"789",NA,1,NA,"2018","herg"
"790",NA,2,NA,"2018","herg"
"791",NA,3,NA,"2018","herg"
"792",NA,3,NA,"2018","herg"
"793",NA,3,NA,"2018","herg"
"794",NA,3,NA,"2018","herg"
"795",NA,3,NA,"2018","herg"
"796",NA,3,NA,"2018","herg"
"797",NA,3,NA,"2018","herg"
"798",NA,2,NA,"2018","herg"
"799",NA,2,NA,"2018","herg"
"800",NA,3,NA,"2018","herg"
"801",NA,2,NA,"2018","herg"
"802",NA,3,NA,"2018","herg"
"803",NA,3,NA,"2018","herg"
"804",NA,3,NA,"2018","herg"
"805",NA,3,NA,"2018","herg"
"806",NA,3,NA,"2018","herg"
"807",NA,3,NA,"2018","herg"
"808",NA,3,NA,"2018","herg"
"809",NA,3,NA,"2018","herg"
"810",NA,3,NA,"2018","herg"
"811",NA,2,NA,"2018","herg"
"812",NA,2,NA,"2018","herg"
"813",NA,3,NA,"2018","herg"
"814",NA,3,NA,"2018","herg"
"815",NA,2,NA,"2018","herg"
"816",NA,3,NA,"2018","herg"
"817",NA,3,NA,"2018","herg"
"818",NA,3,NA,"2018","herg"
"819",NA,3,NA,"2018","herg"
"820",NA,3,NA,"2018","herg"
"821",NA,3,NA,"2018","herg"
"822",NA,3,NA,"2018","herg"
"823",NA,3,NA,"2018","herg"
"824",NA,3,NA,"2018","herg"
"825",NA,1,NA,"2018","herg"
"826",NA,2,NA,"2018","herg"
"827",NA,2,NA,"2018","herg"
"828",NA,2,NA,"2018","herg"
"829",NA,3,NA,"2018","herg"
"830",NA,3,NA,"2018","herg"
"831",NA,2,NA,"2018","herg"
"832",NA,3,NA,"2018","herg"
"833",NA,1,NA,"2018","herg"
"834",NA,1,NA,"2018","herg"
"835",NA,3,NA,"2018","herg"
"836",NA,3,NA,"2018","herg"
"837",NA,2,NA,"2018","herg"
"838",NA,3,"BEGIN HELL 15:19","2018","herg"
"839",NA,3,NA,"2018","herg"
"840",NA,3,NA,"2018","herg"
"841",NA,3,NA,"2018","herg"
"842",NA,3,NA,"2018","herg"
"843",NA,3,NA,"2018","herg"
"844",NA,3,NA,"2018","herg"
"845",NA,2,NA,"2018","herg"
"846",NA,1,NA,"2018","herg"
"847",NA,1,NA,"2018","herg"
"848",NA,3,NA,"2018","herg"
"849",NA,3,NA,"2018","herg"
"850",NA,3,NA,"2018","herg"
"851",NA,3,NA,"2018","herg"
"852",NA,3,NA,"2018","herg"
"853",NA,2,NA,"2018","herg"
"854",NA,1,NA,"2018","herg"
"855",NA,3,NA,"2018","herg"
"856",NA,1,NA,"2018","herg"
"857",NA,3,NA,"2018","herg"
"858",NA,2,NA,"2018","herg"
"859",NA,1,NA,"2018","herg"
"860",NA,3,NA,"2018","herg"
"861",NA,3,NA,"2018","herg"
"862",NA,3,NA,"2018","herg"
"863",NA,3,NA,"2018","herg"
"864",NA,1,NA,"2018","herg"
"865",NA,3,NA,"2018","herg"
"866",NA,3,NA,"2018","herg"
"867",NA,3,NA,"2018","herg"
"868",NA,3,NA,"2018","herg"
"869",NA,3,NA,"2018","herg"
"870",NA,3,NA,"2018","herg"
"871",NA,3,NA,"2018","herg"
"872",NA,3,NA,"2018","herg"
"873",NA,3,NA,"2018","herg"
"874",NA,3,NA,"2018","herg"
"875",NA,3,NA,"2018","herg"
"876",NA,1,NA,"2018","herg"
"877",NA,3,NA,"2018","herg"
"878",NA,3,NA,"2018","herg"
"879",NA,2,NA,"2018","herg"
"880",NA,2,NA,"2018","herg"
"881",NA,3,NA,"2018","herg"
"882",NA,3,NA,"2018","herg"
"883",NA,2,NA,"2018","herg"
"884",NA,1,NA,"2018","herg"
"885",NA,2,NA,"2018","herg"
"886",NA,3,NA,"2018","herg"
"887",NA,3,NA,"2018","herg"
"888",NA,3,NA,"2018","herg"
"889",NA,2,NA,"2018","herg"
"890",NA,1,NA,"2018","herg"
"891",NA,3,NA,"2018","herg"
"892",NA,3,NA,"2018","herg"
"893",NA,3,NA,"2018","herg"
"894",NA,3,NA,"2018","herg"
"895",NA,2,NA,"2018","herg"
"896",NA,3,NA,"2018","herg"
"897",NA,3,NA,"2018","herg"
"898",NA,2,NA,"2018","herg"
"899",NA,3,NA,"2018","herg"
"900",NA,2,NA,"2018","herg"
"901",NA,3,NA,"2018","herg"
"902",NA,3,NA,"2018","herg"
"903",NA,2,NA,"2018","herg"
"904",NA,3,NA,"2018","herg"
"905",NA,2,NA,"2018","herg"
"906",NA,3,NA,"2018","herg"
"907",NA,3,NA,"2018","herg"
"908",NA,3,NA,"2018","herg"
"909",NA,2,NA,"2018","herg"
"910",NA,3,NA,"2018","herg"
"911",NA,3,NA,"2018","herg"
"912",NA,3,NA,"2018","herg"
"913",NA,3,NA,"2018","herg"
"914",NA,3,NA,"2018","herg"
"915",NA,3,NA,"2018","herg"
"916",NA,2,NA,"2018","herg"
"917",NA,2,NA,"2018","herg"
"918",NA,2,NA,"2018","herg"
"919",NA,3,NA,"2018","herg"
"920",NA,4,NA,"2018","herg"
"921",NA,3,NA,"2018","herg"
"922",NA,3,NA,"2018","herg"
"923",NA,3,NA,"2018","herg"
"924",NA,2,NA,"2018","herg"
"925",NA,3,NA,"2018","herg"
"926",NA,2,NA,"2018","herg"
"927",NA,3,NA,"2018","herg"
"928",NA,3,NA,"2018","herg"
"929",NA,2,NA,"2018","herg"
"930",NA,3,NA,"2018","herg"
"931",NA,3,"UPPER FIELD ON EAST SIDE EXTENSION","2018","herg"
"932",NA,1,NA,"2018","herg"
"933",NA,2,NA,"2018","herg"
"934",NA,3,NA,"2018","herg"
"935",NA,3,NA,"2018","herg"
"936",NA,1,NA,"2018","herg"
"937",NA,1,NA,"2018","herg"
"938",NA,3,NA,"2018","herg"
"939",NA,1,NA,"2018","herg"
"940",NA,1,NA,"2018","herg"
"941",NA,1,NA,"2018","herg"
"942",NA,3,NA,"2018","herg"
"943",NA,3,NA,"2018","herg"
"944",NA,1,NA,"2018","herg"
"945",NA,3,NA,"2018","herg"
"946",NA,3,NA,"2018","herg"
"947",NA,3,NA,"2018","herg"
"948",NA,2,NA,"2018","herg"
"949",NA,1,NA,"2018","herg"
"950",NA,2,NA,"2018","herg"
"951",NA,1,NA,"2018","herg"
"952",NA,2,NA,"2018","herg"
"953",NA,1,NA,"2018","herg"
