"","flag","clutch","year","species"
"1",18,2,"2016","gbbg"
"2",5,3,"2016","herg"
"3",6,3,"2016","herg"
"4",3,3,"2016","herg"
"5",4,2,"2016","herg"
"6",8,3,"2016","herg"
"7",9,3,"2016","herg"
"8",237,3,"2016","herg"
"9",253,3,"2016","herg"
"10",502,3,"2016","herg"
"11",117,1,"2016","herg"
"12",141,4,"2016","herg"
"13",586,3,"2016","herg"
"14",10,3,"2016","herg"
"15",333,2,"2016","gbbg"
"16",230,3,"2016","herg"
"17",585,3,"2016","herg"
"18",11,3,"2016","herg"
"19",238,3,"2016","herg"
"20",244,3,"2016","herg"
"21",582,3,"2016","herg"
"22",13,3,"2016","herg"
"23",383,3,"2016","herg"
"24",250,3,"2016","herg"
"25",578,3,"2016","herg"
"26",279,3,"2016","herg"
"27",428,3,"2016","herg"
"28",154,3,"2016","herg"
"29",576,3,"2016","herg"
"30",237,3,"2016","herg"
"31",14,3,"2016","herg"
"32",251,3,"2016","herg"
"33",114,3,"2016","herg"
"34",584,3,"2016","herg"
"35",16,3,"2016","herg"
"36",243,3,"2016","herg"
"37",236,3,"2016","herg"
"38",284,3,"2016","herg"
"39",580,3,"2016","herg"
"40",113,3,"2016","herg"
"41",422,3,"2016","herg"
"42",17,3,"2016","herg"
"43",112,2,"2016","herg"
"44",256,3,"2016","herg"
"45",579,3,"2016","herg"
"46",19,3,"2016","herg"
"47",242,3,"2016","herg"
"48",131,3,"2016","herg"
"49",382,3,"2016","herg"
"50",583,3,"2016","herg"
"51",420,3,"2016","herg"
"52",254,3,"2016","herg"
"53",122,3,"2016","herg"
"54",429,2,"2016","herg"
"55",231,3,"2016","herg"
"56",110,3,"2016","herg"
"57",581,2,"2016","herg"
"58",107,2,"2016","herg"
"59",280,3,"2016","herg"
"60",241,3,"2016","herg"
"61",383,3,"2016","herg"
"62",425,3,"2016","herg"
"63",501,3,"2016","herg"
"64",240,2,"2016","herg"
"65",200,3,"2016","herg"
"66",355,3,"2016","herg"
"67",199,3,"2016","herg"
"68",234,3,"2016","herg"
"69",500,3,"2016","herg"
"70",504,3,"2016","herg"
"71",263,3,"2016","herg"
"72",270,3,"2016","herg"
"73",261,3,"2016","herg"
"74",503,2,"2016","herg"
"75",510,3,"2016","herg"
"76",219,2,"2016","herg"
"77",511,2,"2016","herg"
"78",424,3,"2016","herg"
"79",20,3,"2016","herg"
"80",195,3,"2016","herg"
"81",247,3,"2016","herg"
"82",235,3,"2016","herg"
"83",197,3,"2016","herg"
"84",508,3,"2016","herg"
"85",255,3,"2016","herg"
"86",180,3,"2016","herg"
"87",277,3,"2016","herg"
"88",166,3,"2016","herg"
"89",506,3,"2016","herg"
"90",278,3,"2016","herg"
"91",252,1,"2016","herg"
"92",514,3,"2016","herg"
"93",421,3,"2016","herg"
"94",258,3,"2016","herg"
"95",169,3,"2016","herg"
"96",588,3,"2016","herg"
"97",222,3,"2016","herg"
"98",210,3,"2016","herg"
"99",517,2,"2016","herg"
"100",440,2,"2016","herg"
"101",199,3,"2016","herg"
"102",257,3,"2016","herg"
"103",332,2,"2016","herg"
"104",249,3,"2016","herg"
"105",443,2,"2016","herg"
"106",165,3,"2016","herg"
"107",159,3,"2016","herg"
"108",436,3,"2016","herg"
"109",193,3,"2016","herg"
"110",21,3,"2016","herg"
"111",372,3,"2016","herg"
"112",160,1,"2016","herg"
"113",283,3,"2016","herg"
"114",150,3,"2016","herg"
"115",265,2,"2016","herg"
"116",442,3,"2016","herg"
"117",594,3,"2016","herg"
"118",309,3,"2016","herg"
"119",308,3,"2016","herg"
"120",449,3,"2016","herg"
"121",415,3,"2016","herg"
"122",307,3,"2016","herg"
"123",281,2,"2016","herg"
"124",571,3,"2016","herg"
"125",433,3,"2016","herg"
"126",115,2,"2016","herg"
"127",282,3,"2016","herg"
"128",311,2,"2016","herg"
"129",518,3,"2016","herg"
"130",22,2,"2016","herg"
"131",184,3,"2016","herg"
"132",330,3,"2016","herg"
"133",248,2,"2016","herg"
"134",431,2,"2016","herg"
"135",158,3,"2016","herg"
"136",528,3,"2016","herg"
"137",554,3,"2016","herg"
"138",217,3,"2016","herg"
"139",264,3,"2016","herg"
"140",563,3,"2016","herg"
"141",262,3,"2016","herg"
"142",164,3,"2016","herg"
"143",452,3,"2016","herg"
"144",310,3,"2016","herg"
"145",435,3,"2016","herg"
"146",191,3,"2016","herg"
"147",105,3,"2016","herg"
"148",416,1,"2016","herg"
"149",530,3,"2016","herg"
"150",329,3,"2016","herg"
"151",190,3,"2016","herg"
"152",434,3,"2016","herg"
"153",336,3,"2016","herg"
"154",423,3,"2016","herg"
"155",328,3,"2016","herg"
"156",418,3,"2016","herg"
"157",427,3,"2016","herg"
"158",315,3,"2016","herg"
"159",417,3,"2016","herg"
"160",374,3,"2016","herg"
"161",316,3,"2016","herg"
"162",324,3,"2016","herg"
"163",23,3,"2016","herg"
"164",245,3,"2016","herg"
"165",537,3,"2016","herg"
"166",149,3,"2016","herg"
"167",426,2,"2016","herg"
"168",24,2,"2016","herg"
"169",532,3,"2016","herg"
"170",562,1,"2016","herg"
"171",182,2,"2016","herg"
"172",591,3,"2016","herg"
"173",225,3,"2016","herg"
"174",507,3,"2016","herg"
"175",151,2,"2016","gbbg"
"176",25,3,"2016","herg"
"177",505,3,"2016","herg"
"178",292,3,"2016","herg"
"179",26,3,"2016","herg"
"180",593,3,"2016","herg"
"181",285,3,"2016","herg"
"182",361,3,"2016","herg"
"183",125,3,"2016","herg"
"184",237,3,"2016","herg"
"185",293,3,"2016","herg"
"186",119,3,"2016","herg"
"187",516,3,"2016","herg"
"188",262,3,"2016","herg"
"189",27,3,"2016","herg"
"190",174,3,"2016","herg"
"191",267,3,"2016","herg"
"192",515,3,"2016","herg"
"193",394,3,"2016","herg"
"194",188,3,"2016","herg"
"195",121,3,"2016","herg"
"196",28,3,"2016","herg"
"197",259,2,"2016","herg"
"198",183,3,"2016","herg"
"199",432,2,"2016","herg"
"200",412,3,"2016","herg"
"201",295,1,"2016","herg"
"202",419,3,"2016","herg"
"203",148,3,"2016","herg"
"204",430,3,"2016","herg"
"205",559,3,"2016","herg"
"206",296,3,"2016","herg"
"207",198,3,"2016","herg"
"208",186,3,"2016","herg"
"209",29,3,"2016","herg"
"210",453,3,"2016","herg"
"211",313,3,"2016","herg"
"212",181,3,"2016","herg"
"213",109,3,"2016","herg"
"214",450,3,"2016","herg"
"215",30,3,"2016","herg"
"216",456,3,"2016","herg"
"217",375,3,"2016","herg"
"218",451,1,"2016","herg"
"219",297,3,"2016","herg"
"220",187,3,"2016","herg"
"221",31,1,"2016","herg"
"222",138,3,"2016","herg"
"223",376,3,"2016","herg"
"224",444,3,"2016","herg"
"225",189,1,"2016","herg"
"226",291,3,"2016","herg"
"227",34,3,"2016","herg"
"228",116,2,"2016","herg"
"229",448,3,"2016","herg"
"230",371,3,"2016","herg"
"231",446,3,"2016","herg"
"232",179,3,"2016","herg"
"233",175,3,"2016","herg"
"234",172,1,"2016","gbbg"
"235",35,3,"2016","herg"
"236",391,2,"2016","herg"
"237",592,3,"2016","herg"
"238",176,1,"2016","herg"
"239",579,3,"2016","herg"
"240",589,3,"2016","herg"
"241",37,3,"2016","herg"
"242",192,3,"2016","herg"
"243",1,3,"2016","herg"
"244",519,2,"2016","herg"
"245",287,3,"2016","herg"
"246",489,2,"2016","herg"
"247",136,3,"2016","herg"
"248",177,3,"2016","herg"
"249",155,3,"2016","herg"
"250",447,3,"2016","herg"
"251",459,3,"2016","herg"
"252",111,3,"2016","herg"
"253",38,3,"2016","herg"
"254",124,3,"2016","herg"
"255",29,3,"2016","herg"
"256",590,3,"2016","herg"
"257",522,2,"2016","herg"
"258",523,3,"2016","herg"
"259",290,3,"2016","herg"
"260",153,3,"2016","herg"
"261",40,2,"2016","herg"
"262",455,3,"2016","herg"
"263",294,3,"2016","herg"
"264",441,3,"2016","herg"
"265",161,3,"2016","herg"
"266",529,2,"2016","herg"
"267",335,3,"2016","herg"
"268",178,2,"2016","herg"
"269",599,3,"2016","herg"
"270",397,3,"2016","herg"
"271",171,2,"2016","herg"
"272",45,3,"2016","herg"
"273",467,2,"2016","herg"
"274",377,3,"2016","herg"
"275",454,3,"2016","herg"
"276",144,3,"2016","herg"
"277",598,3,"2016","herg"
"278",41,3,"2016","herg"
"279",366,3,"2016","herg"
"280",42,3,"2016","herg"
"281",286,3,"2016","herg"
"282",399,3,"2016","herg"
"283",144,3,"2016","herg"
"284",526,3,"2016","herg"
"285",43,3,"2016","herg"
"286",387,3,"2016","herg"
"287",458,2,"2016","herg"
"288",128,3,"2016","herg"
"289",215,3,"2016","herg"
"290",398,3,"2016","herg"
"291",524,1,"2016","herg"
"292",473,3,"2016","herg"
"293",185,3,"2016","herg"
"294",390,3,"2016","herg"
"295",407,3,"2016","herg"
"296",227,3,"2016","herg"
"297",130,2,"2016","herg"
"298",357,3,"2016","herg"
"299",216,3,"2016","herg"
"300",468,3,"2016","herg"
"301",108,3,"2016","herg"
"302",413,3,"2016","herg"
"303",527,3,"2016","herg"
"304",548,3,"2016","herg"
"305",106,3,"2016","herg"
"306",439,3,"2016","herg"
"307",223,3,"2016","herg"
"308",404,3,"2016","herg"
"309",46,3,"2016","herg"
"310",401,3,"2016","herg"
"311",525,5,"2016","herg"
"312",561,3,"2016","herg"
"313",229,3,"2016","herg"
"314",521,3,"2016","herg"
"315",168,4,"2016","herg"
"316",533,3,"2016","herg"
"317",47,3,"2016","herg"
"318",157,3,"2016","herg"
"319",535,3,"2016","herg"
"320",567,3,"2016","herg"
"321",566,5,"2016","herg"
"322",123,3,"2016","herg"
"323",275,2,"2016","herg"
"324",587,2,"2016","herg"
"325",569,3,"2016","herg"
"326",49,1,"2016","herg"
"327",553,3,"2016","herg"
"328",58,3,"2016","coei"
"329",55,3,"2016","herg"
"330",167,3,"2016","herg"
"331",220,4,"2016","herg"
"332",299,3,"2016","herg"
"333",534,3,"2016","herg"
"334",284,3,"2016","herg"
"335",246,3,"2016","herg"
"336",512,3,"2016","herg"
"337",403,3,"2016","herg"
"338",438,3,"2016","herg"
"339",90,3,"2016","herg"
"340",127,3,"2016","herg"
"341",81,3,"2016","herg"
"342",266,3,"2016","herg"
"343",80,3,"2016","herg"
"344",12,3,"2016","herg"
"345",536,3,"2016","herg"
"346",570,3,"2016","herg"
"347",32,2,"2016","herg"
"348",33,3,"2016","herg"
"349",44,3,"2016","herg"
"350",484,3,"2016","herg"
"351",173,3,"2016","herg"
"352",36,3,"2016","herg"
"353",92,3,"2016","herg"
"354",54,2,"2016","herg"
"355",7,3,"2016","herg"
"356",50,3,"2016","herg"
"357",147,3,"2016","herg"
"358",298,3,"2016","herg"
"359",538,3,"2016","herg"
"360",327,3,"2016","herg"
"361",146,2,"2016","herg"
"362",565,3,"2016","herg"
"363",481,3,"2016","herg"
"364",365,3,"2016","herg"
"365",207,3,"2016","herg"
"366",470,3,"2016","herg"
"367",465,3,"2016","herg"
"368",133,3,"2016","herg"
"369",497,3,"2016","herg"
"370",513,2,"2016","herg"
"371",63,3,"2016","herg"
"372",15,4,"2016","herg"
"373",12,3,"2016","herg"
"374",2,3,"2016","herg"
"375",82,3,"2016","herg"
"376",84,3,"2016","herg"
"377",59,3,"2016","herg"
"378",91,3,"2016","herg"
"379",276,3,"2016","herg"
"380",48,3,"2016","herg"
"381",595,3,"2016","herg"
"382",288,3,"2016","herg"
"383",273,3,"2016","herg"
"384",57,1,"2016","gbbg"
"385",348,3,"2016","herg"
"386",550,3,"2016","herg"
"387",52,3,"2016","herg"
"388",574,3,"2016","herg"
"389",233,3,"2016","herg"
"390",51,3,"2016","herg"
"391",556,3,"2016","herg"
"392",102,3,"2016","herg"
"393",211,3,"2016","herg"
"394",53,3,"2016","herg"
"395",202,3,"2016","herg"
"396",56,3,"2016","herg"
"397",573,3,"2016","herg"
"398",60,3,"2016","herg"
"399",65,3,"2016","herg"
"400",66,3,"2016","herg"
"401",201,2,"2016","herg"
"402",61,2,"2016","herg"
"403",547,1,"2016","herg"
"404",239,1,"2016","herg"
"405",62,3,"2016","herg"
"406",67,1,"2016","herg"
"407",68,2,"2016","herg"
"408",64,3,"2016","herg"
"409",69,3,"2016","herg"
"410",78,3,"2016","herg"
"411",77,3,"2016","herg"
"412",79,3,"2016","herg"
"413",70,3,"2016","herg"
"414",74,3,"2016","herg"
"415",71,3,"2016","herg"
"416",345,3,"2016","herg"
"417",89,2,"2016","herg"
"418",87,3,"2016","herg"
"419",269,2,"2016","herg"
"420",260,3,"2016","herg"
"421",203,3,"2016","herg"
"422",204,3,"2016","herg"
"423",143,3,"2016","herg"
"424",340,3,"2016","herg"
"425",205,4,"2016","herg"
"426",94,3,"2016","herg"
"427",75,3,"2016","herg"
"428",137,3,"2016","herg"
"429",289,3,"2016","herg"
"430",325,2,"2016","herg"
"431",72,3,"2016","herg"
"432",218,3,"2016","herg"
"433",356,3,"2016","herg"
"434",139,4,"2016","herg"
"435",183,2,"2016","herg"
"436",226,3,"2016","herg"
"437",272,3,"2016","herg"
"438",163,2,"2016","herg"
"439",382,2,"2016","herg"
"440",135,3,"2016","herg"
"441",478,3,"2016","herg"
"442",76,3,"2016","herg"
"443",194,3,"2016","herg"
"444",496,3,"2016","herg"
"445",378,3,"2016","herg"
"446",610,3,"2016","herg"
"447",402,3,"2016","herg"
"448",634,3,"2016","herg"
"449",104,3,"2016","herg"
"450",83,3,"2016","herg"
"451",321,3,"2016","herg"
"452",462,2,"2016","herg"
"453",639,3,"2016","herg"
"454",363,3,"2016","herg"
"455",142,3,"2016","herg"
"456",85,3,"2016","herg"
"457",650,3,"2016","herg"
"458",400,3,"2016","herg"
"459",635,1,"2016","herg"
"460",385,5,"2016","herg"
"461",268,3,"2016","herg"
"462",140,3,"2016","herg"
"463",389,2,"2016","herg"
"464",214,3,"2016","herg"
"465",697,3,"2016","herg"
"466",88,3,"2016","herg"
"467",126,2,"2016","herg"
"468",694,2,"2016","herg"
"469",212,3,"2016","herg"
"470",409,3,"2016","herg"
"471",435,3,"2016","herg"
"472",531,3,"2016","herg"
"473",156,3,"2016","herg"
"474",460,4,"2016","herg"
"475",271,3,"2016","herg"
"476",534,2,"2016","herg"
"477",145,3,"2016","herg"
"478",495,1,"2016","herg"
"479",224,3,"2016","herg"
"480",86,3,"2016","herg"
"481",120,3,"2016","herg"
"482",411,3,"2016","herg"
"483",96,3,"2016","herg"
"484",491,3,"2016","herg"
"485",551,3,"2016","herg"
"486",410,3,"2016","herg"
"487",103,3,"2016","herg"
"488",406,3,"2016","herg"
"489",488,3,"2016","herg"
"490",541,3,"2016","herg"
"491",364,3,"2016","herg"
"492",101,3,"2016","herg"
"493",482,3,"2016","herg"
"494",466,3,"2016","herg"
"495",388,3,"2016","herg"
"496",560,3,"2016","herg"
"497",152,3,"2016","herg"
"498",492,2,"2016","gbbg"
"499",520,3,"2016","herg"
"500",73,2,"2016","herg"
"501",557,3,"2016","herg"
"502",414,3,"2016","herg"
"503",221,3,"2016","herg"
"504",477,3,"2016","herg"
"505",405,3,"2016","herg"
"506",162,2,"2016","herg"
"507",95,3,"2016","herg"
"508",568,3,"2016","herg"
"509",132,2,"2016","herg"
"510",213,3,"2016","herg"
"511",629,3,"2016","herg"
"512",208,3,"2016","herg"
"513",93,3,"2016","herg"
"514",543,3,"2016","herg"
"515",486,3,"2016","herg"
"516",98,3,"2016","herg"
"517",479,3,"2016","herg"
"518",99,3,"2016","herg"
"519",438,3,"2016","herg"
"520",274,1,"2016","herg"
"521",100,4,"2016","coei"
"522",314,3,"2016","herg"
"523",665,3,"2016","herg"
"524",209,1,"2016","herg"
"525",469,5,"2016","coei"
"526",671,1,"2016","herg"
"527",463,3,"2016","herg"
"528",696,3,"2016","herg"
"529",493,3,"2016","herg"
"530",408,2,"2016","herg"
"531",685,2,"2016","herg"
"532",678,3,"2016","herg"
"533",654,2,"2016","herg"
"534",681,3,"2016","herg"
"535",611,3,"2016","herg"
"536",476,3,"2016","herg"
"537",457,3,"2016","herg"
"538",331,3,"2016","herg"
"539",669,3,"2016","herg"
"540",642,3,"2016","herg"
"541",473,3,"2016","herg"
"542",351,3,"2016","herg"
"543",649,3,"2016","herg"
"544",490,3,"2016","herg"
"545",693,3,"2016","herg"
"546",128,3,"2016","herg"
"547",493,3,"2016","herg"
"548",321,1,"2016","herg"
"549",487,2,"2016","herg"
"550",129,3,"2016","herg"
"551",480,3,"2016","herg"
"552",461,3,"2016","herg"
"553",656,3,"2016","herg"
"554",485,3,"2016","herg"
"555",359,3,"2016","herg"
"556",677,3,"2016","herg"
"557",673,3,"2016","herg"
"558",472,3,"2016","herg"
"559",355,3,"2016","herg"
"560",575,3,"2016","herg"
"561",621,3,"2016","herg"
"562",494,3,"2016","herg"
"563",690,3,"2016","herg"
"564",464,3,"2016","herg"
"565",686,3,"2016","herg"
"566",664,3,"2016","herg"
"567",554,1,"2016","herg"
"568",471,3,"2016","herg"
"569",666,3,"2016","herg"
"570",683,2,"2016","herg"
"571",546,3,"2016","herg"
"572",638,3,"2016","herg"
"573",206,3,"2016","herg"
"574",658,3,"2016","herg"
"575",609,2,"2016","herg"
"576",382,3,"2016","herg"
"577",661,2,"2016","herg"
"578",676,5,"2016","coei"
"579",667,3,"2016","herg"
"580",555,3,"2016","herg"
"581",679,3,"2016","herg"
"582",659,1,"2016","herg"
"583",637,2,"2016","herg"
"584",509,3,"2016","herg"
"585",692,3,"2016","herg"
"586",675,2,"2016","herg"
"587",682,2,"2016","gbbg"
"588",396,3,"2016","herg"
"589",672,2,"2016","herg"
"590",618,3,"2016","herg"
"591",663,3,"2016","herg"
"592",572,3,"2016","herg"
"593",354,3,"2016","herg"
"594",474,3,"2016","herg"
"595",644,3,"2016","herg"
"596",552,3,"2016","herg"
"597",687,3,"2016","herg"
"598",616,3,"2016","herg"
"599",613,3,"2016","herg"
"600",620,3,"2016","herg"
"601",641,3,"2016","herg"
"602",549,3,"2016","herg"
"603",170,3,"2016","herg"
"604",670,3,"2016","herg"
"605",652,3,"2016","herg"
"606",640,3,"2016","herg"
"607",657,2,"2016","herg"
"608",688,3,"2016","herg"
"609",632,3,"2016","herg"
"610",623,3,"2016","herg"
"611",339,3,"2016","herg"
"612",691,3,"2016","herg"
"613",608,2,"2016","herg"
"614",542,3,"2016","herg"
"615",698,3,"2016","herg"
"616",680,3,"2016","herg"
"617",342,4,"2016","herg"
"618",630,3,"2016","herg"
"619",651,2,"2016","herg"
"620",655,3,"2016","herg"
"621",631,3,"2016","herg"
"622",345,3,"2016","herg"
"623",695,3,"2016","herg"
"624",373,3,"2016","herg"
"625",674,3,"2016","herg"
"626",352,1,"2016","herg"
"627",599,3,"2016","herg"
"628",369,3,"2016","herg"
"629",684,3,"2016","herg"
"630",329,3,"2016","herg"
"631",353,3,"2016","herg"
"632",322,3,"2016","herg"
"633",662,1,"2016","herg"
"634",577,3,"2016","herg"
"635",368,3,"2016","herg"
"636",539,3,"2016","herg"
"637",360,3,"2016","herg"
"638",609,3,"2016","herg"
"639",614,1,"2016","herg"
"640",326,3,"2016","herg"
"641",698,5,"2016","herg"
"642",358,3,"2016","herg"
"643",320,2,"2016","herg"
"644",626,2,"2016","herg"
"645",633,3,"2016","herg"
"646",347,3,"2016","herg"
"647",612,3,"2016","herg"
"648",636,3,"2016","herg"
"649",648,3,"2016","herg"
"650",596,3,"2016","herg"
"651",660,2,"2016","herg"
"652",604,3,"2016","herg"
"653",601,3,"2016","herg"
"654",668,3,"2016","herg"
"655",318,3,"2016","herg"
"656",386,3,"2016","herg"
"657",306,3,"2016","herg"
"658",624,3,"2016","herg"
"659",617,3,"2016","herg"
"660",346,3,"2016","herg"
"661",395,3,"2016","herg"
"662",303,3,"2016","herg"
"663",302,3,"2016","herg"
"664",301,1,"2016","herg"
"665",305,3,"2016","herg"
"666",393,1,"2016","herg"
"667",615,3,"2016","herg"
"668",619,3,"2016","herg"
"669",379,3,"2016","herg"
"670",627,3,"2016","herg"
"671",334,2,"2016","herg"
"672",370,NA,"2016","gbbg"
"673",300,3,"2016","herg"
"674",317,3,"2016","herg"
"675",304,3,"2016","herg"
"676",338,2,"2016","herg"
"677",640,3,"2016","herg"
"678",323,3,"2016","herg"
"679",558,3,"2016","herg"
"680",337,3,"2016","herg"
"681",602,3,"2016","herg"
"682",307,3,"2016","herg"
"683",545,3,"2016","herg"
"684",643,3,"2016","herg"
"685",646,2,"2016","herg"
"686",342,3,"2016","herg"
"687",625,3,"2016","herg"
"688",603,3,"2016","herg"
"689",600,3,"2016","herg"
"690",606,3,"2016","herg"
"691",622,2,"2016","herg"
"692",628,3,"2016","herg"
"693",605,1,"2016","herg"
"694",349,3,"2016","herg"
"695",647,2,"2016","herg"
"696",367,3,"2016","herg"
"697",643,3,"2016","herg"
"698",341,3,"2016","herg"
"699",635,2,"2016","herg"
"700",NA,3,"2016","herg"
"701",NA,2,"2016","herg"
"702",NA,3,"2016","herg"
"703",NA,4,"2016","herg"
"704",NA,3,"2016","herg"
"705",NA,3,"2016","herg"
"706",NA,3,"2016","herg"
"707",NA,3,"2016","herg"
"708",NA,3,"2016","herg"
"709",NA,3,"2016","herg"
"710",NA,2,"2016","herg"
"711",NA,3,"2016","herg"
"712",NA,3,"2016","herg"
"713",NA,3,"2016","herg"
"714",NA,3,"2016","herg"
"715",NA,3,"2016","herg"
"716",NA,2,"2016","herg"
"717",NA,3,"2016","herg"
"718",NA,3,"2016","herg"
"719",NA,3,"2016","herg"
"720",NA,3,"2016","herg"
"721",NA,3,"2016","herg"
"722",NA,3,"2016","herg"
"723",NA,2,"2016","herg"
"724",NA,3,"2016","herg"
"725",NA,3,"2016","herg"
"726",NA,3,"2016","herg"
"727",NA,1,"2016","herg"
"728",NA,1,"2016","herg"
"729",NA,3,"2016","herg"
"730",NA,3,"2016","herg"
"731",NA,2,"2016","herg"
"732",NA,3,"2016","herg"
"733",NA,1,"2016","herg"
"734",NA,3,"2016","herg"
"735",NA,3,"2016","herg"
"736",NA,1,"2016","herg"
"737",NA,2,"2016","herg"
"738",NA,3,"2016","herg"
"739",NA,3,"2016","herg"
"740",NA,3,"2016","herg"
"741",NA,3,"2016","herg"
"742",NA,2,"2016","herg"
"743",NA,2,"2016","herg"
"744",NA,3,"2016","herg"
"745",NA,3,"2016","herg"
"746",NA,3,"2016","herg"
"747",NA,3,"2016","herg"
"748",NA,3,"2016","herg"
"749",NA,3,"2016","herg"
"750",NA,3,"2016","herg"
"751",NA,3,"2016","herg"
"752",NA,3,"2016","herg"
"753",NA,3,"2016","herg"
"754",NA,3,"2016","herg"
"755",NA,3,"2016","herg"
"756",NA,3,"2016","herg"
"757",NA,3,"2016","herg"
"758",NA,2,"2016","herg"
"759",NA,3,"2016","herg"
"760",NA,3,"2016","herg"
"761",NA,3,"2016","herg"
"762",NA,3,"2016","herg"
"763",NA,3,"2016","herg"
"764",NA,3,"2016","herg"
"765",NA,3,"2016","herg"
"766",NA,3,"2016","herg"
"767",NA,1,"2016","herg"
"768",NA,3,"2016","herg"
"769",NA,1,"2016","herg"
"770",NA,2,"2016","herg"
"771",NA,3,"2016","herg"
"772",NA,2,"2016","herg"
"773",NA,3,"2016","herg"
"774",NA,3,"2016","herg"
"775",NA,3,"2016","herg"
"776",NA,3,"2016","herg"
"777",NA,3,"2016","herg"
"778",NA,2,"2016","herg"
"779",NA,3,"2016","herg"
"780",NA,3,"2016","herg"
"781",NA,3,"2016","herg"
"782",NA,3,"2016","herg"
"783",NA,3,"2016","herg"
"784",NA,3,"2016","herg"
"785",NA,3,"2016","herg"
"786",NA,3,"2016","herg"
"787",NA,2,"2016","herg"
"788",NA,3,"2016","herg"
"789",NA,3,"2016","herg"
"790",NA,3,"2016","herg"
"791",NA,3,"2016","herg"
"792",NA,3,"2016","herg"
"793",NA,3,"2016","herg"
"794",NA,3,"2016","herg"
"795",NA,3,"2016","herg"
"796",NA,2,"2016","herg"
"797",NA,3,"2016","herg"
"798",NA,3,"2016","herg"
"799",NA,3,"2016","herg"
"800",NA,3,"2016","herg"
"801",NA,3,"2016","herg"
"802",NA,3,"2016","herg"
"803",NA,3,"2016","herg"
"804",NA,3,"2016","herg"
"805",NA,3,"2016","herg"
"806",NA,3,"2016","herg"
"807",NA,2,"2016","herg"
"808",NA,3,"2016","herg"
"809",NA,2,"2016","herg"
"810",NA,3,"2016","herg"
"811",NA,2,"2016","herg"
"812",NA,3,"2016","herg"
"813",NA,3,"2016","herg"
"814",NA,3,"2016","herg"
"815",NA,2,"2016","herg"
"816",NA,3,"2016","herg"
"817",NA,2,"2016","herg"
"818",NA,3,"2016","herg"
"819",NA,3,"2016","herg"
"820",NA,3,"2016","herg"
"821",NA,2,"2016","herg"
"822",NA,1,"2016","herg"
"823",NA,3,"2016","herg"
"824",NA,3,"2016","herg"
"825",NA,3,"2016","herg"
"826",NA,3,"2016","herg"
"827",NA,3,"2016","herg"
"828",NA,3,"2016","herg"
"829",NA,3,"2016","herg"
"830",NA,3,"2016","herg"
"831",NA,3,"2016","herg"
"832",NA,3,"2016","herg"
"833",NA,3,"2016","herg"
"834",NA,3,"2016","herg"
"835",NA,3,"2016","herg"
"836",NA,3,"2016","herg"
"837",NA,3,"2016","herg"
"838",NA,3,"2016","herg"
"839",NA,2,"2016","herg"
"840",NA,3,"2016","herg"
"841",NA,3,"2016","herg"
"842",NA,3,"2016","herg"
"843",NA,3,"2016","herg"
"844",NA,3,"2016","herg"
"845",NA,3,"2016","herg"
"846",NA,3,"2016","herg"
"847",NA,2,"2016","herg"
"848",NA,3,"2016","herg"
"849",NA,2,"2016","herg"
"850",NA,3,"2016","herg"
"851",NA,3,"2016","herg"
"852",NA,3,"2016","herg"
"853",NA,3,"2016","herg"
"854",NA,3,"2016","herg"
"855",NA,3,"2016","herg"
"856",NA,3,"2016","herg"
"857",NA,3,"2016","herg"
"858",NA,3,"2016","herg"
"859",NA,3,"2016","herg"
"860",NA,3,"2016","herg"
"861",NA,3,"2016","herg"
"862",NA,3,"2016","herg"
"863",NA,3,"2016","herg"
"864",NA,3,"2016","herg"
"865",NA,2,"2016","herg"
"866",NA,3,"2016","herg"
"867",NA,3,"2016","herg"
"868",NA,2,"2016","herg"
"869",NA,3,"2016","herg"
"870",NA,3,"2016","herg"
"871",NA,3,"2016","herg"
"872",NA,3,"2016","herg"
"873",NA,2,"2016","herg"
"874",NA,3,"2016","herg"
"875",NA,3,"2016","herg"
"876",NA,3,"2016","herg"
"877",NA,3,"2016","herg"
"878",NA,2,"2016","herg"
"879",NA,3,"2016","herg"
"880",NA,3,"2016","herg"
"881",NA,1,"2016","herg"
"882",NA,3,"2016","herg"
"883",NA,3,"2016","herg"
"884",NA,3,"2016","herg"
"885",NA,3,"2016","herg"
"886",NA,3,"2016","herg"
"887",NA,3,"2016","herg"
"888",NA,3,"2016","herg"
"889",NA,3,"2016","herg"
"890",NA,3,"2016","herg"
"891",NA,3,"2016","herg"
"892",NA,3,"2016","herg"
"893",NA,3,"2016","herg"
"894",NA,3,"2016","herg"
"895",NA,2,"2016","herg"
"896",NA,3,"2016","herg"
"897",NA,3,"2016","herg"
"898",NA,3,"2016","herg"
"899",NA,3,"2016","herg"
"900",NA,3,"2016","herg"
"901",NA,3,"2016","herg"
"902",NA,2,"2016","herg"
"903",NA,2,"2016","herg"
"904",NA,2,"2016","herg"
"905",NA,3,"2016","herg"
"906",NA,3,"2016","herg"
"907",NA,3,"2016","herg"
"908",NA,1,"2016","herg"
"909",NA,3,"2016","herg"
"910",NA,6,"2016","coei"
"911",NA,3,"2016","herg"
"912",NA,2,"2016","herg"
"913",NA,2,"2016","herg"
"914",NA,3,"2016","herg"
"915",NA,3,"2016","herg"
"916",NA,3,"2016","herg"
"917",NA,3,"2016","herg"
"918",NA,3,"2016","herg"
"919",NA,3,"2016","herg"
"920",NA,3,"2016","herg"
"921",NA,3,"2016","herg"
"922",NA,3,"2016","herg"
"923",NA,3,"2016","herg"
"924",NA,3,"2016","herg"
"925",NA,3,"2016","herg"
"926",NA,6,"2016","herg"
"927",NA,3,"2016","herg"
"928",NA,3,"2016","herg"
"929",NA,3,"2016","herg"
"930",NA,3,"2016","herg"
"931",NA,2,"2016","herg"
"932",NA,2,"2016","herg"
"933",NA,2,"2016","herg"
"934",NA,2,"2016","herg"
"935",NA,3,"2016","herg"
"936",NA,3,"2016","herg"
"937",NA,3,"2016","herg"
"938",NA,3,"2016","herg"
"939",NA,3,"2016","herg"
"940",NA,3,"2016","herg"
"941",NA,3,"2016","herg"
"942",NA,3,"2016","herg"
"943",NA,3,"2016","herg"
"944",NA,3,"2016","herg"
"945",NA,3,"2016","herg"
"946",NA,3,"2016","herg"
"947",NA,3,"2016","herg"
"948",NA,3,"2016","herg"
"949",NA,3,"2016","herg"
"950",NA,3,"2016","herg"
"951",NA,3,"2016","herg"
"952",NA,3,"2016","herg"
"953",NA,1,"2016","herg"
"954",NA,3,"2016","herg"
"955",NA,3,"2016","herg"
"956",NA,3,"2016","herg"
"957",NA,3,"2016","herg"
"958",NA,3,"2016","herg"
"959",NA,2,"2016","herg"
"960",NA,3,"2016","herg"
"961",NA,2,"2016","herg"
"962",NA,3,"2016","herg"
"963",NA,2,"2016","herg"
"964",NA,2,"2016","herg"
"965",NA,3,"2016","herg"
"966",NA,3,"2016","herg"
"967",NA,3,"2016","herg"
"968",NA,3,"2016","herg"
"969",NA,3,"2016","herg"
"970",NA,2,"2016","herg"
"971",NA,3,"2016","herg"
"972",NA,3,"2016","herg"
"973",NA,3,"2016","herg"
"974",NA,3,"2016","herg"
"975",NA,1,"2016","herg"
"976",NA,3,"2016","herg"
"977",NA,3,"2016","herg"
"978",NA,3,"2016","herg"
"979",NA,3,"2016","herg"
"980",NA,3,"2016","herg"
"981",NA,2,"2016","herg"
"982",NA,3,"2016","herg"
"983",NA,3,"2016","herg"
"984",NA,3,"2016","herg"
"985",NA,3,"2016","herg"
"986",NA,3,"2016","herg"
"987",NA,3,"2016","herg"
"988",NA,3,"2016","herg"
"989",NA,3,"2016","herg"
"990",NA,3,"2016","herg"
"991",NA,1,"2016","herg"
"992",NA,3,"2016","herg"
"993",NA,3,"2016","herg"
"994",NA,3,"2016","herg"
"995",NA,3,"2016","herg"
"996",NA,3,"2016","herg"
"997",NA,3,"2016","herg"
"998",NA,3,"2016","herg"
"999",NA,3,"2016","herg"
"1000",NA,3,"2016","herg"
"1001",NA,3,"2016","herg"
"1002",NA,3,"2016","herg"
"1003",NA,3,"2016","herg"
"1004",NA,1,"2016","herg"
"1005",NA,2,"2016","herg"
"1006",NA,2,"2016","herg"
"1007",NA,3,"2016","herg"
"1008",NA,3,"2016","herg"
"1009",NA,2,"2016","gbbg"
"1010",NA,3,"2016","herg"
"1011",NA,3,"2016","herg"
"1012",NA,2,"2016","gbbg"
"1013",NA,3,"2016","herg"
"1014",NA,3,"2016","herg"
"1015",NA,3,"2016","herg"
"1016",NA,3,"2016","herg"
"1017",NA,3,"2016","herg"
"1018",NA,3,"2016","herg"
"1019",NA,2,"2016","herg"
"1020",NA,3,"2016","herg"
"1021",NA,1,"2016","herg"
"1022",NA,3,"2016","herg"
"1023",NA,3,"2016","herg"
"1024",NA,3,"2016","herg"
"1025",NA,3,"2016","herg"
"1026",NA,1,"2016","herg"
"1027",NA,1,"2016","herg"
"1028",NA,2,"2016","herg"
"1029",NA,3,"2016","herg"
"1030",NA,3,"2016","herg"
"1031",NA,3,"2016","herg"
"1032",NA,2,"2016","herg"
"1033",NA,1,"2016","herg"
"1034",NA,1,"2016","herg"
"1035",NA,2,"2016","herg"
"1036",NA,2,"2016","herg"
"1037",NA,2,"2016","herg"
"1038",NA,2,"2016","herg"
"1039",NA,2,"2016","herg"
"1040",NA,2,"2016","herg"
"1041",NA,3,"2016","herg"
"1042",NA,2,"2016","herg"
"1043",NA,3,"2016","herg"
"1044",NA,2,"2016","herg"
"1045",NA,3,"2016","herg"
"1046",NA,2,"2016","herg"
"1047",NA,3,"2016","herg"
"1048",NA,3,"2016","herg"
"1049",NA,3,"2016","herg"
"1050",NA,2,"2016","herg"
"1051",NA,3,"2016","herg"
"1052",NA,3,"2016","herg"
"1053",NA,3,"2016","herg"
"1054",NA,3,"2016","herg"
"1055",NA,3,"2016","herg"
"1056",NA,3,"2016","herg"
"1057",NA,3,"2016","herg"
"1058",NA,3,"2016","herg"
"1059",NA,3,"2016","herg"
"1060",NA,3,"2016","herg"
"1061",NA,3,"2016","herg"
"1062",NA,3,"2016","herg"
"1063",NA,3,"2016","herg"
"1064",NA,3,"2016","herg"
"1065",NA,3,"2016","herg"
"1066",NA,3,"2016","herg"
"1067",NA,3,"2016","herg"
"1068",NA,3,"2016","herg"
"1069",NA,3,"2016","herg"
"1070",NA,3,"2016","herg"
"1071",NA,3,"2016","herg"
"1072",NA,3,"2016","herg"
"1073",NA,3,"2016","herg"
"1074",NA,3,"2016","herg"
"1075",NA,3,"2016","herg"
"1076",NA,3,"2016","herg"
"1077",NA,3,"2016","herg"
"1078",NA,3,"2016","herg"
"1079",NA,3,"2016","herg"
"1080",NA,3,"2016","herg"
"1081",NA,3,"2016","herg"
"1082",NA,3,"2016","herg"
"1083",NA,3,"2016","herg"
"1084",NA,3,"2016","herg"
"1085",NA,3,"2016","herg"
"1086",NA,3,"2016","herg"
"1087",NA,3,"2016","herg"
"1088",NA,3,"2016","herg"
"1089",NA,3,"2016","herg"
"1090",NA,4,"2016","herg"
"1091",NA,3,"2016","herg"
"1092",NA,3,"2016","herg"
"1093",NA,2,"2016","herg"
"1094",NA,3,"2016","herg"
"1095",NA,3,"2016","herg"
"1096",NA,3,"2016","herg"
"1097",NA,3,"2016","herg"
"1098",NA,3,"2016","herg"
"1099",NA,2,"2016","herg"
"1100",NA,1,"2016","herg"
"1101",NA,3,"2016","herg"
"1102",NA,3,"2016","herg"
"1103",NA,3,"2016","herg"
"1104",NA,3,"2016","herg"
"1105",NA,3,"2016","herg"
"1106",NA,3,"2016","herg"
"1107",NA,3,"2016","herg"
"1108",NA,3,"2016","herg"
"1109",NA,3,"2016","herg"
"1110",NA,3,"2016","herg"
"1111",NA,3,"2016","herg"
"1112",NA,3,"2016","herg"
"1113",NA,3,"2016","herg"
"1114",NA,3,"2016","herg"
"1115",NA,2,"2016","herg"
"1116",NA,3,"2016","herg"
"1117",NA,3,"2016","herg"
"1118",NA,3,"2016","herg"
"1119",NA,2,"2016","herg"
"1120",NA,3,"2016","herg"
"1121",NA,3,"2016","herg"
"1122",NA,2,"2016","herg"
"1123",NA,3,"2016","herg"
"1124",NA,3,"2016","herg"
"1125",NA,3,"2016","herg"
"1126",NA,3,"2016","herg"
"1127",NA,2,"2016","herg"
"1128",NA,2,"2016","herg"
"1129",NA,3,"2016","herg"
"1130",NA,1,"2016","herg"
"1131",NA,3,"2016","herg"
"1132",NA,3,"2016","herg"
"1133",NA,3,"2016","herg"
"1134",NA,3,"2016","herg"
"1135",NA,3,"2016","herg"
"1136",NA,3,"2016","herg"
"1137",NA,3,"2016","herg"
"1138",NA,3,"2016","herg"
"1139",NA,2,"2016","herg"
"1140",NA,3,"2016","herg"
"1141",NA,3,"2016","herg"
"1142",NA,3,"2016","herg"
"1143",NA,3,"2016","herg"
"1144",NA,3,"2016","herg"
"1145",NA,3,"2016","herg"
"1146",NA,3,"2016","herg"
"1147",NA,3,"2016","herg"
"1148",NA,2,"2016","herg"
"1149",NA,3,"2016","herg"
"1150",NA,3,"2016","herg"
"1151",NA,2,"2016","herg"
"1152",NA,3,"2016","herg"
"1153",NA,3,"2016","herg"
"1154",NA,3,"2016","herg"
"1155",NA,3,"2016","herg"
"1156",NA,1,"2016","herg"
"1157",NA,3,"2016","herg"
"1158",NA,3,"2016","herg"
"1159",NA,3,"2016","herg"
"1160",NA,3,"2016","herg"
"1161",NA,3,"2016","herg"
"1162",NA,3,"2016","herg"
"1163",NA,2,"2016","herg"
"1164",NA,3,"2016","herg"
"1165",NA,3,"2016","herg"
"1166",NA,2,"2016","herg"
"1167",NA,3,"2016","herg"
"1168",NA,3,"2016","herg"
"1169",NA,3,"2016","herg"
"1170",NA,1,"2016","herg"
"1171",NA,3,"2016","herg"
"1172",NA,3,"2016","herg"
"1173",NA,3,"2016","herg"
"1174",NA,3,"2016","herg"
"1175",NA,3,"2016","herg"
"1176",NA,0,"2016","herg"
